Label,Content,,,,,,,,,,,,
spam,i love this so much. AND also I Generate Free Leads on Auto Pilot &amp; You Can  Too! http://www.MyLeaderGate.com/moretrafficÔªø,,,,,,,,,,,,
spam,http://www.billboard.com/articles/columns/pop-shop/6174122/fan-army-face-off-round-3 Vote for SONES please....we're against vips....please help us.. &gt;.&lt;Ôªø,,,,,,,,,,,,
spam,Hey guys! Please join me in my fight to help abused/mistreated animals! All  fund will go to helping pay for vet bills/and or helping them find homes! I  will place an extra emphasis on helping disabled animals, ones otherwise  would just be put to sleep by other animal organizations. Donate please. http://www.gofundme.com/Angels-n-WingzÔªø,,,,,,,,,,,
spam,http://psnboss.com/?ref=2tGgp3pV6L this is the songÔªø,,,,,,,,,,,,
spam,Hey everyone. Watch this trailer!!!!!!!!  http://believemefilm.com?hlr=h2hQBUVBÔªø,,,,,,,,,,,,
spam,check out my rapping hope you guys like it  https://soundcloud.com/nereboy/call-of-the-lostproduce-by-atlastatlas-rapper-jkork  and follow and message me :)Ôªø,,,,,,,,,,,,
spam,Subscribe pleaaaase to my instagram account , i'll subscribe back ‚ô•  http://instagram.com/cyrine_ghorbelÔªø,,,,,,,,,,,
spam,hey guys!! visit my channel pleaase (i'm searching a dream)Ôªø,,,,,,,,,,,,
spam,Nice! http://www.barnesandnoble.com/s/BDP?csrfToken=I9tIxe8cNkCosOqkEMGjLU5uwv6nSXSO&amp;sort=DD&amp;size=90&amp;csrftoken=89Iyec7nrWP5NYtnO5U7amhVmfLUtgGL&amp;dref=5094&amp;keyword=BDP&amp;store=EBOOK Ôªø,,,,,,,,,,,,
spam,http://www.twitch.tv/daconnormcÔªø,,,,,,,,,,,,
spam,Hey Guys this is Glamour Beauty! I just started my youtube channel please  go check it out! I'm going to post singing videos and also random videos  that I fell like! Please go to subscribe! More to come soon!. Remember to  subscribe!Ôªø,,,,,,,,,,,,
spam,Hey guys! My mom said if i got 100 subs before christmas I'll get a kitten  and I always have wanted an kitten so please watch my videos and if you  like it subscribe or like :) Please no mean commentsÔªø,,,,,,,,,,,,
spam,https://www.facebook.com/photo.php?fbid=543627485763966&amp;l=0d878a889cÔªø,,,,,,,,,,,,
spam,https://www.facebook.com/photo.php?v=4483179854075&amp;set=vb.1727483389&amp;type=2&amp;theater Ôªø,,,,,,,,,,,,
spam,https://soundcloud.com/artady please check my stuff; and make some feedbackÔªø,,,,,,,,,,,,
spam,Take a break from Katie and help me reach 100 subscribers this month!  New  music and free downloads! Ôªø,,,,,,,,,,,,
spam,Subscribe me pleaseÔªø,,,,,,,,,,,,
spam,Check out my covers I have a video coming out  please subscribeÔªø,,,,,,,,,,,,
spam,Subscribe to My CHANNELÔªø,,,,,,,,,,,,
spam,Hey guys. I am a very small YouTuber I upload videos nearly every single  day. I once hope to be like shikas so can you please give 2 mins of your  life to view this channel. and my new video is on how to watch all the  anime for free. and I am pretty sure you wont regret visiting this channel. Thank you!Ôªø,,,,,,,,,,,,
spam,http://www.rtbf.be/tv/emission/detail_the-voice-belgique/toutes-les-auditions/auditionDetail_?emissionId=3873&amp;id=342  Please join me to the voice Liked and shared it please to win more audition  score. Thanks so muchÔªø,,,,,,,,,,,,
spam,katy perry will u sit on my face please. it would be really awesome and  i'll give you 5 dollars. ok if you want to do this then please call me and  subscribe to my channel first ok thats good and then u sit on my face and  ill get an erection then you sit more k?Ôªø,,,,,,,,,,,,
spam,iS IN TOP 10 , IN YOUTUBE TOP VIEWS , ON 9 IS MILEY CYRUS: http://www.google.ro/url?sa=t&amp;rct=j&amp;q=&amp;esrc=s&amp;source=web&amp;cd=1&amp;ved=0CB8QFjAA&amp;url=http%3A%2F%2Fen.wikipedia.org%2Fwiki%2FList_of_most_viewed_YouTube_videos&amp;ei=OQ3yU9DWC8L4yQOYo4GoAw&amp;usg=AFQjCNGKM-Idplal6kuVKoEkVgdTT2jVLQ&amp;sig2=OnqZzad3q3CmNBe9nml4gA&amp;bvm=bv.73231344,d.bGQ&amp;cad=rja Ôªø,,,,,,,,,
spam,http://www.amazon.com/Knight-Dawn-cursed-Daniel-N-ebook/dp/B00MPPQHRI/ref=sr_1_7?s=digital-text&amp;%3Bie=UTF8&amp;%3Bqid=1408122684&amp;%3Bsr=1-7&amp;%3Bkeywords=knight&amp;tag=wattpad-20     some people are very talented but some are more talented but there is no  sponsorÔªø,,,,,,,,,,,,
spam,I really love this video.. http://www.bubblews.com/account/389088-sheilcenÔªø,,,,,,,,,,,,
spam,Hi Guys! check this awesome EDM &amp; House mix :) thanks a lot..  https://soundcloud.com/soundhase/edm-house-mix-2Ôªø,,,,,,,,,,,,
spam,Hiyaüòä I just started YouTube and it would mean a lot if some of you could  subscribe and watch my first video?xxÔªø,,,,,,,,,,,,
spam,Watch Maroon 5's latest 2nd single from V (It Was Always You) www.youtube. com/watch?v=TQ046FuAu00Ôªø,,,,,,,,,,,,
spam,Help Please!!  http://www.gofundme.com/RJanimalcareÔªø,,,,,,,,,,,,
spam,http://www.mediafire.com/download/yvovhafsv5qzzqo/Video.rar    download and  make money today Ôªø,,,,,,,,,,,,
spam,http://www.ebay.com/itm/131275322914?ssPageName=STRK:MESELX:IT&amp;_trksid=p3984.m1555.l2649 Ôªø,,,,,,,,,,,,
spam,"&lt;script&gt;document.write('&lt;a target=""_self"" href="" http://rover.ebay.com/rover/1/710-53481-19255-0/1?icep_ff3=1&amp;pub=5575096797&amp;toolid=10001&amp;campid=5337555197&amp;customid=bogdan+grigore&amp;ipn=psmain&amp;icep_vectorid=229508&amp;kwid=902099&amp;mtid=824&amp;kw=lg""&gt;check  this out new arive on ebay&lt;/a&gt;&lt;img  style=""text-decoration:none;border:0;padding:0;margin:0;"" src="" http://rover.ebay.com/roverimp/1/710-53481-19255-0/1?ff3=1&amp;pub=5575096797&amp;toolid=10001&amp;campid=5337555197&amp;customid=bogdan+grigore&amp;mpt='+Math.floor(Math.random()*999999999)+'""&gt;');&lt;/script&gt;&lt;noscript&gt;&lt;a  target=""_self"" href="" http://rover.ebay.com/rover/1/710-53481-19255-0/1?icep_ff3=1&amp;pub=5575096797&amp;toolid=10001&amp;campid=5337555197&amp;customid=bogdan+grigore&amp;ipn=psmain&amp;icep_vectorid=229508&amp;kwid=902099&amp;mtid=824&amp;kw=lg""&gt;check  this out new arive on ebay&lt;/a&gt;&lt;img  style=""text-decoration:none;border:0;padding:0;margin:0;"" src="" http://rover.ebay.com/roverimp/1/710-53481-19255-0/1?ff3=1&amp;pub=5575096797&amp;toolid=10001&amp;campid=5337555197&amp;customid=bogdan+grigore&amp;mpt=[CACHEBUSTER] ""&gt;&lt;/noscript&gt;Ôªø",,,,,,,,,,,,
spam,I #votekatyperry for the 2014 MTV #VMA Best Lyric Video! See who's in the  lead and vote:  http://on.mtv.com/Ut15kXÔªø,,,,,,,,,,,,
spam,https://www.facebook.com/pages/%D8%AA%D8%AD%D9%85%D9%8A%D9%84-%D8%A7%D8%AC%D9%85%D9%84-%D8%A7%D9%84%D8%A7%D9%85%D9%88%D8%B3%D9%8A%D9%82%D9%89___-music/674732645945877 Ôªø,,,,,,,,,,,,
spam,Hello! I'm Marian, I'm a singer from Venezuela! I was part of a boy-girl band named cubik, and I'm now singing on my own  'cause I wanted to play my own pop and pop-rock songs.  It would mean a lot if you could have a look at my channel to check my  music and watch my new video!! and if u like, subscribe to it! XOXO THANKS!!  PS: if you like a lot my channel, you can share it with your friends!!  Haha!! LOL MARIANÔªø,,,,,,,,
ham,katy perry does remind me of a tiger,like as if its her spirit animal :3 &lt;3Ôªø,,,,,,,,,,,
ham,In what South American jungle or any jungle for that matter do you find an  African elephant and a bengal tiger in the same place. Who made this video.Ôªø,,,,,,,,,,,,
spam,http://9gag.com/gag/aAVpwj9/ =)Ôªø,,,,,,,,,,,,
spam,ima rapper trying to get notice please check out my mixtape   datpiff.com/mixtapes-detail.php?id=633807Ôªø,,,,,,,,,,,,
ham,Its a good song and i like her video clip, because its a bout a girl that  her airplane crashed on a land far far away... and she found the way to  survive! And i love the pet tiget too( Kitty Purpy) lol :DÔªø,,,,,,,,,,,
spam,help me click on the subscribe Mai Nguyen, thank youÔªø,,,,,,,,,,,
spam,even without make up she is still  hot     http://uk.eonline.com/eol_images/Entire_Site/2012430/reg_1024.katy.mkup.mh.053012.jpg Ôªø,,,,,,,,,,,,
ham,Thanks to this video we know that Nokia phones can survive a plane crash.Ôªø,,,,,,,,,,,,
spam,http://www.bubblews.com/news/6401116-vps-solutionsÔªø,,,,,,,,,,,,
spam,The TREU DETECTIVE alternate ending! __ http://www.funnyordie.com/videos/d15fb87973/true-defectivesÔªø,,,,,,,,,,,,
spam,The new Makeup Transformation with Integrated Look-A-Like Feature now  available in Ver 1.13! Do you know who you look like? Install or update  your version of Makeup Transformation  https://play.google.com/store/apps/details?id=com.yourelink.makeuptransformation  or visit Google Play.Ôªø,,,,,,,,,,,,
ham,She named the tiger Kitty Purry  No, seriously, she did, check the video Ôªø,,,,,,,,,
ham,Perfect! &lt;3Ôªø,,,,,,,,,,,,
ham,And after the video ends, a 13 ft. boa constrictor squeezes her to death.Ôªø,,,,,,,,,,,
ham,should not have paused the music, this is a clip, not a movie.Ôªø,,,,,,,,,,
spam,  HI!:D!:) We‚Äô re TWIN MELODY ,17 year old twins :) WE DID SOME COVERS!!WE DID A COVER OF BIRTHDAY BY KATY PERRY!!  PLEASE JUST TAKE 1 SECOND AND WATCH IT!! THANKS,MERCI,GRACIAS,DANKE,OBRIGADO,GRAZIE ‚Ä¶.    !!!  &lt;3  XX HAVE A NICE DAY!!:DÔªø,,,,,,
spam,Nicee!!sabrosura viva https://soundcloud.com/yerki-elinmigrante/yerki-myb-move-your-bodyÔªø,,,,,,,,,,,,
spam,"Hey guys go to check my video name ""growtopia my story""Ôªø",,,,,,,,,,,,
spam,http://shhort.com/a?r=HuPwEH5abÔªø,,,,,,,,,,,,
spam,YAY IM THE 11TH COMMENTER!!!!!                                    IF YOUR  CRAZY PLEASE DONATE BITCOINS TO ME AT: 1FHeNqx1twqM153v2PTAyieJNEALAhZvEMÔªø,,,,,,,,,,,,
spam,http://shhort.com/a?r=G8iX5cTKdÔªø,,,,,,,,,,,,
ham,I love this song," it¬¥s for empowering every woman :)  ""you¬¥re gonna hear me roar"" ;)Ôªø",,,,,,,,,,,
ham,This song makes me want to drink bleachÔªø,,,,,,,,,,,,
ham,If she really did this there she's hardcoreÔªø,,,,,,,,,,,,
spam,http://shhort.com/a?r=Jt2ufxHxcÔªø,,,,,,,,,,,,
spam,Follow me watch my videos :) Follow me watch my videos :) Follow me watch  my videos :) Follow me watch my videos :) Follow me watch my videos :)  Follow me watch my videos :) Follow me watch my videos :)Ôªø,,,,,,,,,,,,
ham,I'm sorry Katy Perry, I was being weird. I still love you &lt;3Ôªø,,,,,,,,,,,
ham,I'm not a big fan of the song but this video is awesome!Ôªø,,,,,,,,,,,,
ham,katy perry  just stop it and dont do a song i dont like itÔªø,,,,,,,,,,,,
spam, GO TO MY CHANNEL and check out my written songsÔªø,,,,,,,,,,,,
spam,Like Gorlin-Goltz Syndrome Support Community, you are not alone. https://www.facebook.com/GorlinGoltzSupportÔªø,,,,,,,,,,,
spam,Subscribe and u are gonna hear me roar ;)Ôªø,,,,,,,,,,,,
ham,In my opinion I think you look better with black hair then blond hair : )Ôªø,,,,,,,,,,,,
ham,I loved, she is amazing.. OMG your eyes*_*Ôªø,,,,,,,,,,,
spam,Please help me give my son a grave.  http://www.gofundme.com/BishopsGraveMarker Or please just share it on your  fb page, I do not have one anymore.Ôªø,,,,,,,,,,,
ham,You gonna hear me ROARRRR.....Ôªø,,,,,,,,,,,,
spam,follow me---&gt; https://twitter.com/f0llowshoutouts Ôªø,,,,,,,,,,,,
ham,I WILL FINISH THIS DISSERTATION! And I will laugh in its face when I  finish! Roaaarrr =3Ôªø,,,,,,,,,,,,
ham,She's an old Whore!Ôªø,,,,,,,,,,,,
spam,Please share and help to my Friend! http://www.gofundme.com/jormis  Thank  you very much!Ôªø,,,,,,,,,,,,
ham,ROAAAAARRRRRR üêØüêØüêØÔªø,,,,,,,,,,,,
ham,This looks so fun and it's a good songÔªø,,,,,,,,,,,,
spam,Check out our vids, our songs are awesome! And that I guarantee :)Ôªø,,,,,,,,,,,
ham,I love You Katy ‚ô•Ôªø,,,,,,,,,,,,
ham,I    loved        it           so       much          because         you          get         to         stand            fear .Ôªø,,,,,,,,,,,,
spam,Click For iTunes code http://shhort.com/a?r=0LaviqU2bÔªø,,,,,,,,,,,,
spam,Katy perry is and inspirational singer her voice is awesome and I loved her  so much . She achieved music history and I couldn't believe that . Guys if  you could take 1min to go to my channel and watch my first video I would be  greatly thankful for this :) ty guys N katy is still awesome xoxoÔªø,,,,,,,,,,,,
spam,Hi guys i sell Jack Daniel's Hard Back Cover Case for iPhone 5 5S 5C 4S 4   6'' Old Time with only 3 Dollars on Ebay:  http://www.ebay.com/itm/251638183951?ssPageName=STRK:MESELX:IT&amp;_trksid=p3984.m1555.l2649 Ôªø,,,,,,,,,,,,
spam,https://m.facebook.com/story.php?story_fbid=764484966942313&amp;id=754989901225153&amp;ref=stream  gfÔªø,,,,,,,,,,,,
spam,subscribe to meÔªø,,,,,,,,,,,,
ham,3:46 so cute!Ôªø,,,,,,,,,,,,
ham,i think they were drunk when they shot the first half of the video and then the sec on half comes in, and her boobs are magically bigger and  she's more beautiful suddenly, and the dude practically vanishes Ôªø,,,,,,,,,,
ham,Roar is without a doubt your best song...feel good song with a message for  everyone. Good job KatyÔªø,,,,,,,,,,,,
ham,The great mother of the jungle. Sweet and natural. I like her videos.Ôªø,,,,,,,,,,,,
spam,http://www.aaas.org/tech-i/vote#view/25874/2177367 VOTE SHELDON PLEASE  GUYS. GIVE IT 5 STARS. THANKS IN ADVANCEÔªø,,,,,,,,,,,,
ham,Katy has conqueror's haki &gt;:)Ôªø,,,,,,,,,,,,
spam,Can you check my videos please? Don't hate me :( Give me one oportunityÔªø,,,,,,,,,,,,
spam,WOW VERY NICE CONGRASULATION I LIVE SO MUCH http://en.prothom-alo.com/sport/news/53331/Zimbabwe-A-team-due-in-Dhaka-Wednesday Ôªø,,,,,,,,,,,,
ham,There is 7 bilion poeple on earth Now stop being dumbÔªø,,,,,,,,,,,,
ham,I love this shit but I disliked it because it's sucksÔªø,,,,,,,,,,,,
spam,hey guys i really want to go to a katy perry concert so im in this contest  where i need a lot of likes and im loosing :( so please if you could like  this picture it would be very nice, thank you i really want to go to her  concert :) https://www.facebook.com/exagdl/photos/a.936868579660284.1073741943.111719098841907/937732262907249/?type=1&amp;theater Ôªø,,,,,,,,,,,
ham,this video is very inaccurate, a tiger would rip her face ofÔªø,,,,,,,,,,,
spam,Great video by a great artist in Katy Perry! Admire her creativity! Check  out our channel for no nonsense mobile tech reviews and comparisons as well  as an iPhone 6 and 6 Plus review and comparison!Ôªø,,,,,,,,,,,,
ham,Are those real animalsÔªø,,,,,,,,,,,,
spam,Hey guys!  Can you please SUBSCRIBE to my channel,because I'm gonna filming a video so  hope you guys like it and thank you so much for you're support! Xoxo,Leah!  &lt;3 Ôªø,,,,,,,,,,
ham,Maybe the best music video in the last 15 years? This is how pop music is  done folks!Ôªø,,,,,,,,,,,,
ham,I love KATY PERRY &lt;3 &lt;3Ôªø,,,,,,,,,,,,
ham,BoooobsÔªø,,,,,,,,,,,,
ham,I really don't understand how this has 600 million views lol. I'm not  hating or anything, it's just confusing. Ôªø,,,,,,,,,,,
ham,Its almost Katys birthday! October 25th Lets say happy birthday to katy!!! ‚ô•‚ô•‚ô•‚ô•‚ô•‚ô•Ôªø,,,,,,,,,,,,
ham,Katy Perry You Are Looking Soo PRETTY DAMN CUTE :-* :-*Ôªø,,,,,,,,,,,,
ham,great song you go katy!Ôªø,,,,,,,,,,,,
ham,looooooooooooooooooooovvvvvvvvveeeeeeeeeeee itttttttttttttÔªø,,,,,,,,,,,,
ham,My telephone!Ôªø,,,,,,,,,,,,
ham,This comment will randomly get lot's of likes and replies for no reason. I  also like Jello. Strawberry jello.Ôªø,,,,,,,,,,,,
spam,Hey guys! I've made a amazing Smiley T-Shirt.Of all the things you wear,  your expression is the most important and remember all the statistics in  the world can‚Äôt measure the warmth of a smile. If you're a big fan of  T-Shirts and want to gets more happiness, it's perfect for you.  Check this  out and buy it at www.teespring.com/smiley12 =)) thanks you guys so  much!!! Ôªø,,,,,,,,,,
ham,really want this video to get 1 billion views, would be amazing!Ôªø,,,,,,,,,,,
spam,Katy has the voice of gold. this video really brings the lyrics to life. I  am a rapper with 25000 subscribers.. thumbs up if you hate when you take a  shit and the water splashes your nutsÔªø,,,,,,,,,,,,
ham,I started hating Katy Perry after finding out that she stole all of the  ideas on her videos  from an old comic book. Yet, her music is catchy. Ôªø,,,,,,,,,,,
ham,How can this song have 629 million views while there are only 7 million  people in the world?Ôªø,,,,,,,,,,,,
ham,Katy Perry is garbage. Rihanna is the best singer in the world. Ôªø,,,,,,,,,,,,
spam,https://www.reverbnation.com/slicknick313/songsÔªø,,,,,,,,,,,,
ham,Katy Perry is part of me Katy Perry is my firework Katy Perry, I love youÔªø,,,,,,,,,,,
ham,This Song Was Good Until It Got Overplayed The Hell Out Of On RadioÔªø,,,,,,,,,,,,
ham,see it all, human folly right?Ôªø,,,,,,,,,,,
ham,Great.This is a songÔªø,,,,,,,,,,,,
ham,Awesum song!! Jus luv it!Ôªø,,,,,,,,,,,,
spam,Watch my videos xxÔªø,,,,,,,,,,,,
spam,Please check out my acoustic cover channel :) thanks Ôªø,,,,,,,,,,,,
ham,Imagine this in the news crazy woman found acting like a tiger and bit jims  ear offÔªø,,,,,,,,,,,,
ham,selfie alertÔªø,,,,,,,,,,,,
ham,Your going to hear me Roar !!!! :-))))   #soundsofsunday Ôªø,,,,,,,,,,,,
ham,It is a shitÔªø,,,,,,,,,,,,
spam,She loves Vena. trojmiasto.pl/Vena-Bus-Taxi-o59253.htmlÔªø,,,,,,,,,,,,
spam,THIS IS A COMPETITION TO MEET MY IDOLS, IT WOULD MEAN SO MUCH IF YOU GUYS  WILL LIKE THIS PIC ON IG! http://instagram.com/p/smZdivopxb/Ôªø,,,,,,,,,,,
spam,Katty perry please say in one of your new videoes that they follow the  Girls Girls pleaseÔªø,,,,,,,,,,,,
ham,i am a big fan of you and i love youÔªø,,,,,,,,,,,,
spam,https://viralangels.com/user/d4aaacwkÔªø,,,,,,,,,,,,
ham,I &lt;3 Katy Perry!Ôªø,,,,,,,,,,,,
ham,Since she is a feminist champion, why would she want to reinforce the  stereotype of girls being girly by painting the nails of an elephant that  probably wouldn't even appreciate it?Ôªø,,,,,,,,,,,
spam,http://thepiratebay.se/torrent/10626835/The.Expendables.3.2014.DVDSCR.Xvid-DiNGO Ôªø,,,,,,,,,,,,
spam,http://thepiratebay.se/torrent/10626048/The.Expendables.3.2014.DVDScr.LEAKED.CLEAN.XviD.MP3-RARBG Ôªø,,,,,,,,,,,,
spam,If interested in making extra money by internet use the next link www.swagbucks.com/refer/Nonturtle02Ôªø,,,,,,,,,,,,
ham,This is fucking shit. From the first notes, that becomes clear. Complete  and utter shit. May God come and cleanse the earth of the complete and  utter idiocy which is humankind.Ôªø,,,,,,,,,,,
spam,Hey guys plz check out my youtube channel to c funny 2 girls 1 cup reaction  thanks and plz subscribe! ThanksÔªø,,,,,,,,,,,,
spam,Please subscribe every sub gets a shout out tell me what type of videos u  want and I will try make it happenÔªø,,,,,,,,,,,,
spam,Hey guys subscribe to my channel for no reason! Please!..Ôªø,,,,,,,,,,,,
spam,Katycat! https://m.facebook.com/profile.php?id=1461302180794905Ôªø,,,,,,,,,,,,
ham,At least she didn't get rid of her completely useless makeup.Ôªø,,,,,,,,,,,,
ham,I love roar and Katy Perry. She is my favorite singer and sometimes I just  mute the volume and look at her!Ôªø,,,,,,,,,,,,
ham,This is the best of the best video in world!!!!!!!!!!!!!!!!!!!!!!!!!!!!!Ôªø,,,,,,,,,,,,
ham,She's got it all. Incredible voice, extremely hot, nice titsÔªø,,,,,,,,,,
spam,--&gt;ATTENTION KATYCATS! Katy leads with 7 noms at this year MTV EMA! do vote daily for her: tv.  mtvema. com/vote (delete spaces) thumbs up and share on fbÔªø,,,,,,,,,,,,
ham,I really like this song.Ôªø,,,,,,,,,,,,
ham,my son love so muchÔªø,,,,,,,,,,,,
ham,Y LOVE YOUÔªø,,,,,,,,,,,,
spam,follow me on instagram bigboss286Ôªø,,,,,,,,,,,,
ham,why the elephant have a broken hornÔªø,,,,,,,,,,,,
spam,Free itunes $25 giftcard codes: http://shhort.com/a?r=OOCnjqU2bÔªø,,,,,,,,,,,,
ham,Where did she find all that make up in a freakin jungle?!Ôªø,,,,,,,,,,,,
ham,so cute that monkey *-*! Ôªø,,,,,,,,,,,,
ham,Nice songÔªø,,,,,,,,,,,,
spam,subscribe please Ôªø,,,,,,,,,,,,
ham,You are all sheep, period. This is terrible music.Ôªø,,,,,,,,,,,
spam,A  friend of mine has invented a big dick formula. He had a small dick (4  inches) and he did some research about this topic. During the research, he  found out the secret knowledge of penis enlargement. He applied what he  had learned and now he has a 7 inch dick. He was absolutely amazed by his  results. Of course, it took a few months. Therefore, he has written a book  about this issue in order to help guys. He asked me to promote his book :)  So, guys if you are interested and for more info check this out  https://payhip.com/b/oTIb  . He is selling it for symbolic ¬£1. Thank you ;)Ôªø,,,,,,,,
ham,In the beginning she was scared off everything and next thing you know she  is out in a leopard bikini!Ôªø,,,,,,,,,,,,
spam,Please look at my channelÔªø,,,,,,,,,,,,
spam,My three bigger secrets are: I don't think I'm good enough for me skinny  size. I'm bisexual and I sweat really freaking bad when I'm nervous. -  check out Secret by Austin Mahone's NEW Single!Ôªø,,,,,,,,,,,,
spam,https://www.facebook.com/pages/Nailey-nicool/629410220489046?ref=hl like  meeÔªø,,,,,,,,,,,,
spam,katy is beautiful. and this song is catchy. I'm a rapper with 25000  subscribers.. thumbs up if you hate when you take a shit and the water  splashes your ballsÔªø,,,,,,,,,,,,
ham,I love her green eyesÔªø,,,,,,,,,,,,
ham,How old is Katy perry?Ôªø,,,,,,,,,,,,
ham,most popular video on youtube  Ôªø,,,,,,,,,,,,
ham,NOKIA spottedÔªø,,,,,,,,,,,,
ham,I hear this all the time on radio and its really irritating. That being  said, i like the videoÔªø,,,,,,,,,,,
spam,Hi everyone! My dream is to have passionate sex with Katy Perry. Some people do not believe in me‚Ä¶but maybe you will. Sex is a giant part of my life and it pushes me to be a better person! Please give me a chance by giving me a thumbs up! If you love my ambition please SUBSCRIBE!Ôªø,,,,,,,,,,,,
ham,Fantastic!!!Ôªø,,,,,,,,,,,,
spam,j aiiima plzzz  https://www.facebook.com/pages/%C3%89c%C3%B8l%CE%B5-al-ma%CE%B7b%CE%B5t/302703146601369 Ôªø,,,,,,,,,,,,
spam,https://vimeo.com/107297364Ôªø,,,,,,,,,,,,
ham,She's awesome XDÔªø,,,,,,,,,,,,
ham,Katy perry songs aren't that bad Ôªø,,,,,,,,,,,,
spam,hi beaties! i made a new channel please go check it out and subscribe and  enjoy!Ôªø,,,,,,,,,,,,
spam,https://www.facebook.com/pages/Hiphop-Express/704682339621282                 like this page yoÔªø,,,,,,,,,,,,
spam,Our Beautiful Bella has been diagnosed with Wobbler's Syndrome. There is no  way we could afford to do her MRI or surgery. She is not just a dog she is  a very special member of our family. Without the surgery we fear we will  lose her. Please help!  http://www.gofundme.com/f7ekgwÔªø,,,,,,,,,,,,
spam,https://www.facebook.com/pages/Komedi-burda-gel/775510675841486Ôªø,,,,,,,,,,,,
spam,https://www.facebook.com/profile.php?id=100007085325116Ôªø,,,,,,,,,,,,
ham,That's Good :)Ôªø,,,,,,,,,,,,
spam,http://www.googleadservices.com/pagead/aclk?sa=L&amp;ai=CSyOEB1wxVPCfL7D27AbGpYDgBJDPm6IH6MHu05wBgJXbv8sBEAEgkN7lJVCF7byH_f____8BYIOFgICAHKABsKG31wPIAQKpAh_KmC0hBpM-qAMByAPBBKoEkwFP0KullxqI1MG6o43HVzE-eFMqRG4Tu5LLBU_fsZ8gn0HBkJhBX-m83W1TS3_3Dx_HwPdX1Kazsj8o7SIEcVJjmBNsWyiJEcqvHXLbdzStUBOFaloYInWm0_rOOCppS2AuAT6zguICKm0lI83duwMAbzqvenE8TRfAzOrltBb037VzYv_XI4hBNQ2nvh19MrBgE0SIBgGgBgKAB7jeyCg&amp;num=1&amp;cid=5Ggs_m_9mA3TI40fS6mVPICS&amp;sig=AOD64_1OFC7Seh_1pOp-jYrbS7X6-heeNQ&amp;client=ca-pub-8252267209931889&amp;adurl=http://blog.2parale.ro/2014/10/challenge-pentru-afiliati-aplica-la-noile-programe-de-afiliere-si-fii-business-boomerul-lunii/&amp;nm=2&amp;mb=2&amp;bg=!A0QoUc7Q48v3_QIAAABpUgAAACsqAR0_VgOQWQxjmPUyvKoSf3K-q1BvKf9ZE4jhNC3ovckKxCbAFzZpAJiBXWBvVq4jrDgZ8q3rInlwgaBy_bXlfw7ma6dk0RJG14ZkRyizwqdi7HxgGE9tNDD9abflTFkBMbFfcJixNtHwbwkJ6N2onLH2D9EvEagPhoEwXOgBnu5ibgtRkgnAcQ1OIbgMzgAFNSc0lsaRiqj8HQR8T12dWv_7biY4k6I3y4yubloTdE_4XVKlnVeADZzF1L_xRYQkE6Wsur3EdLJWGk8fLq_QALdI-wAzNuysgqjNRDY6VucKLplZONyiSdKc9ebX-0dbHjZdW0LbsJBi40gXm0D0p5KRhv8XInQlI53__wQBaHS8zX4MJHw5vWrkPXFOeKs Ôªø,,,,,,,,,,,,
ham,Awesome video this is one of my favorite  songsüòÄüòÄüòÄüòÄüòÄüòÄüòÄ‚ù§Ô∏è‚ù§Ô∏è‚ù§Ô∏è‚ù§Ô∏è‚ù§Ô∏è‚ù§Ô∏è‚ù§Ô∏è‚ù§Ô∏èüíéüíéüíéüíéüíéüíÑüíÑüíÑüíÑüíãüíãüíãüíãÔªø,,,,,,,,,,,,
ham,If only I had the body like Katy Perry :)). She looks so hot. I love her  ^^!Ôªø,,,,,,,,,,,,
spam,DOWNLOAD RAPID FACEBOOK FOR FREE NOW https://play.google.com/store/apps/details?id=com.rapid.facebook.magicdroidÔªø,,,,,,,,,,,,
ham,The song is very good ...but the video makes no sense...just a nonsense  video...I mean she is telling her story of being stuck on an island, but  the song doesn't fit in the situation...but nvm...The song is goodÔªø,,,,,,,,,,,
ham,Who else would give Katy perry a good old mighty roar? ;)Ôªø,,,,,,,,,,,,
ham,OMG I LOVE YOU KATY PARRY YOUR SONGS ROCK!!!!!!!!!!!!!!!!! THATS A TOTAL  SUBSCRIBEÔªø,,,,,,,,,,,,
spam,https://www.paidverts.com/ref/tomuciux99 esyest money ever. join to our  team!!!!Ôªø,,,,,,,,,,,,
ham,Katy Perry - Roar (Official): http://youtu.be/CevxZvSJLk8Ôªø,,,,,,,,,,,,
spam,FREe ITunes Gift card http://shhort.com/a?r=x6J4gBrneÔªø,,,,,,,,,,,,
spam,i was playing this song and the baby in my belly started to dance to  it.....sooooo cute, but had to take the song out cause of copy right and  add in a youtube made song....still sooo cute the baby danced to this song  LMFAO!!! https://plus.google.com/111982027348137311818/posts/g2JVinPueMoÔªø,,,,,,,,,,,
ham,katy perry is awesomeÔªø,,,,,,,,,,,,
spam,this song is so addicting. the hook is dope and catchy. love the video too.  I'm getting popular fast because i rap real.. thumbs up if you piss next to  the water in the toilet so its quiet................................Ôªø,,,,,,,,,,,,
spam,Nice song .See my new track.Ôªø,,,,,,,,,,,,
ham,I love this sooooooooooooong I love katy perryÔªø,,,,,,,,,,,,
ham,What does that tattoo on her right tricep say?Ôªø,,,,,,,,,,,,
ham,Since when has Katy Perry had her own YouTube channel?Ôªø,,,,,,,,,,,,
ham,Every time I watch this mv I just so so so glad that I live in a world that  don't have to worry about running from a real, human eating tiger.Ôªø,,,,,,,,,,,
spam,i rekt ur mum last nite. cuz da haterz were 2 much 4 meh lik dis if u cri evertim and sponswer mi robox vidz https://www.indiegogo.com/projects/gimme-dem-moneyz-4-roblox/x/8851222#homeÔªø,,,,,,,,,,,,
ham,"eye of the tiger ""i am the champion"" seems like katy perry is using  titles of old rock songs for lyrics..Ôªø",,,,,,,,,,,,
ham,She is a perfect wonder.....Ôªø,,,,,,,,,,,,
spam,https://www.indiegogo.com/projects/help-stop-my-poverty-cyber-pan-handleing/x/8692160#home Ôªø,,,,,,,,,,,,
ham,she is horrible at acting. cringe-worhty.Ôªø,,,,,,,,,,,,
spam,I love katy fashions tiger, care to visit my blog sinar jahitan  I also have the tiger collections tqvmÔªø,,,,,,,,,,,
spam,Anyone Who LOVEs music , please go check out my youtube page and tell me  what you think . I just put a video up and will be doing more song. I'm  just trying to get myself started. Any love is much Appreciated Ôªø,,,,,,,,,,,
ham,Is that tiger called 'Katty Purry'?Ôªø,,,,,,,,,,,,
ham,blue eyes, can't be trusted.  uranus bless america.Ôªø,,,,,,,,,,,
spam,Rap from Belarus, check my channel:)Ôªø,,,,,,,,,,,
spam,follow me on twitter: freyacumqueenÔªø,,,,,,,,,,,,
ham,Katy Perry - Roar (Official): http://youtu.be/CevxZvSJLk8Ôªø,,,,,,,,,,,,
ham,C'mon Katy you are so close to 14,0,000 subscribers...come up with  another hit like this and it will happenÔªø,,,,,,,,,,
spam,VOTE FOR KATY FOR THE EMAs! #KATYCATS  http://tv.mtvema.com/artists/katy-perry/i38xh1Ôªø,,,,,,,,,,,,
ham,My honest opinion. It's a very mediocre song. Nothing unique or special  about her music, lyrics or voice. Nothing memorable like Billie Jean or  Beat It. Before her millions of fans reply with hate comments," i know this  is a democracy and people are free to see what they want. But then don't I  have the right to express my opinion? Please don't reply with dumb comments  lie ""if you don't like it don't watch it"". I just came here to see what's  the buzz about(661 million views??) and didn't like what i saw. OK?Ôªø",,,,,,,,,,
spam,Visit my channelÔªø,,,,,,,,,,,,
ham,Wow she is sexy XDÔªø,,,,,,,,,,,,
spam,If you looking for new music to listen to check out cece song called  dead2me on iTunes music video out now right here on youtube.Ôªø,,,,,,,,,,,,
ham,Katy has a voice of an AngelÔªø,,,,,,,,,,,,
spam,Hey guys, I was working last night on this project, it's a music streamer  like spotify, but it allows you to download the files to listen to when  you're offline. Opening it as a free beta, feel free to try it out :) download: https://mega.co.nz/#!ehVjzKyA!5bGKg2iWPHZOHWAEUesrWnegqG_lABcO7Rw9WFX8hAoÔªø,,,,,,,,
spam,Man she is hot in this one, male companions visit my profile to check out  the coolest sextoy ever made!Ôªø,,,,,,,,,,,
spam,Like my page please...  https://m.facebook.com/Dreaddis?ref=m_notif¬¨if_t=fbpage_fan_invite&amp;actorid=1442646731  Ôªø,,,,,,,,,,,,
ham,This video is so racist!!! There are only animals.Ôªø,,,,,,,,,,,,
ham,Man she is BEAUTIFUL!Ôªø,,,,,,,,,,,,
spam,want to win borderlands the pre-sequel? check my channel :)Ôªø,,,,,,,,,,,,
spam,Hi! I would appreciate it if you all could help to like this poster on  Facebook:  https://www.facebook.com/nyghdramafest2014/photos/a.333608120156973.1073741830.327568907427561/333607726823679/?type=3&amp;theater Ôªø,,,,,,,,,,,,
spam,Plz help me getting 1.000 Subscribers tonight/today.  Thanks to all who sub me :)Ôªø,,,,,,,,,,,,
ham,Yesterday this video have 1 million likes and now it has 2 millionÔªø,,,,,,,,,,,,
ham,why tiger succumbs to a beautiful girl ?.probably male tiger.....????   ha.ha.ha..Ôªø,,,,,,,,,,,,
ham,Best song ever Ôªø,,,,,,,,,,,,
spam,Thank you KatyPerryVevo for your instagram likes @axeljonssonsÔªø,,,,,,,,,,,,
spam,Please Subscribe In My Channel ‚ÜíÔªø,,,,,,,,,,,,
ham,She is good. Does she make any more music? If she doesn't, she should!Ôªø,,,,,,,,,,,
ham,I LOVE YOU KATTY PERRY &lt;3 Ôªø,,,,,,,,,,,,
ham,HONESTLY, I WANNA SEE YOU BE BRAVE! oh wait...Ôªø,,,,,,,,,,,
ham,;-)Ôªø,,,,,,,,,,,,
ham,this video is great .....!!! I love this........and like much katy perryÔªø,,,,,,,,,,,,
ham,Good thing she brought her spray-on tan, hairstylist, makeup artist, and  cameraman.Ôªø,,,,,,,,,
ham,666,2,018 views! 666 million. 666! Katy Perry illuminati confirmed!!!Ôªø,,,,,,,,,,
spam,I make guitar covers, please have a look at my channelÔªø,,,,,,,,,,,
ham,It should be illegal to be this goodlooking as this babe is...Ôªø,,,,,,,,,,,,
ham,katy is mine the girl of my dreams ‚ô•Ôªø,,,,,,,,,,,,
ham,I love this songÔªø,,,,,,,,,,,,
ham,She is fitÔªø,,,,,,,,,,,,
ham,I love the song roar it make me think am fill the wayÔªø,,,,,,,,,,,,
ham,How do you forget you have a choice, and what the fuck, surviving a plane  crash has a 1/1000 chance of happening.Ôªø,,,,,,,,,,
ham,she is a fool. this is a foolish video. the lyrics are all about her and  how great she is. she is arrogant, obviously. but the thing is that there  are a lot of idiots.. look how many hits this garnered. the young stupid  girls who listen to her are numbering in the millions i guess. this video  is a piece of trash. why would anyone ever like it or listen to it? because  these stupid little girls have idiots for fathers and mothers.. and so they  are going to turn into idiots also.. just like this stupid singer. Ôªø,,,,,,,,,,,
spam,:: ATTENTION : WE NEED 10 Million Views More for FIREWORK to Reach 500M .. We have only 1 and half day left for katy's birtgday. Listen How it could be possible?? &gt;&gt;JUST Open different Tabs from Different Browser &gt;&gt;Dont Watch Full Video, Remember We dont have time on hand, Its Time Wasting. View it only for 30 sec. Plz thumbs up and shareÔªø,,,,,,,,,,
spam,(( rapid facebook )) the free version of all colors and is characterized by  fast and beauty download now https://play.google.com/store/apps/details?id=com.rapid.facebook.magicdroidÔªø,,,,,,,,,,,,
spam,Hey Katycats! We are releasing a movie at midnight UK time to celebrate  katy's 30th birthday! Be sure to subscribe to our channel and watch the  movie!Ôªø,,,,,,,,,,,,
ham,"I just realized that this verses in this song have the exact same melody as  the verses in ""Hey Ho"" by the Lumineers.Ôªø",,,,,,,,,,,,
ham,:-D ‚ô™‚ô™‚ô™ This is my favorite song ‚ô•Ôªø,,,,,,,,,,,,
ham,this song never get's old &lt;3 Ôªø,,,,,,,,,,,,
spam,HAPPY BIRTHDAY KATY :) http://giphy.com/gifs/birthday-flowers-happy-gw3JY2uqiaXKaQXS/fullscreen  (That¬¥s not me)Ôªø,,,,,,,,,,,,
spam,Hey ! I know most people don't like these kind of comments &amp; see at spam,  but I see as free advertising . So please check out my cover of Sparks Fly  by Taylor Swift ! It is not the best ever I know, but maybe with some  encouraging words of wisdom from many of you I can become better! Please go  to my channel and check it out !Ôªø,,,,,,,,,,
spam,Www.youniqueproducts.com/joannagordon Younique by Joanna Gordon www.youniqueproducts.comÔªø,,,,,,,,,,,,
ham,I like you . Katy Perry 600‚ñ≤60‚ñ≤6‚ñ≤Ôªø,,,,,,,,,,,,
ham,Glad to know im not the only one who knows its katheryn's birthday today :)  happy birthday katy...and my sister. (they seriously have the same  birthday...)Ôªø,,,,,,,,,,,,
ham,Katy Perry can't sing for shit. All i hear it autotune.Ôªø,,,,,,,,,,,,
ham,I fucking hate her. Why? Because she don't write her songs she got  producers for that. Second why tha fack is she in every song almost nude  mayby because she's an attention hooker.Ôªø,,,,,,,,,,,,
spam,Also LuckyMusiqLive she probably could help u make it big because I think u  have talent. Just look her name up on the internet. Hit me up when u get  this messageÔªø,,,,,,,,,,,,
spam,Check out my drum cover of E.T. here! thanks -&gt;   /watch?v=NO9pOVZ9OIQ&amp;list=UUltuCDIHsDeI01by1OW7WuQÔªø,,,,,,,,,,,,
ham,Put famous people in the jungle for an hour and look what happens.Ôªø,,,,,,,,,,,,
ham,She kinda let herself go, huh?Ôªø,,,,,,,,,,,
ham,we all love you Katy Perry &lt;3Ôªø,,,,,,,,,,,,
spam,Sign up for free on TSU and start making money on social media add/follow  me and ill add follow you!! http://tsu.co/Roberts9010Ôªø,,,,,,,,,,,,
ham,Love it when I can relate to my daughter's music. :-) Katy Perry - Roar  (Official): http://youtu.be/CevxZvSJLk8Ôªø,,,,,,,,,,,,
spam,Subscribe me and i subscribe you back!!Ôªø,,,,,,,,,,,,
ham,Katy Perry - Roar (Official)  #soundsofsunday   #music  Ôªø,,,,,,,,,,,,
ham,When I hear Katy singing this, I cry. The song has got depth.Ôªø,,,,,,,,,,,
ham,Love itÔªø,,,,,,,,,,,,
ham,People who believe in Illuminati are stupid the same people believe that  911 was made by the American governmentÔªø,,,,,,,,,,,,
spam,plz subscribe to my channel i need subs and if you do i will sub back i  need helpÔªø,,,,,,,,,,,,
spam,please look up DHG SONGS this is my playlist with a bunch of amazing songs Ôªø,,,,,,,,,,,,
spam,Hey! I'm NERDY PEACH and I'm a new youtuber and it would mean THE ABSOLUTE  world to me if you could check 'em out! &lt;3  Hope you like them! =DÔªø,,,,,,,,,,,,
ham,00 : 39 Im pretty sure that tiger just wanted a hugÔªø,,,,,,,,,,,,
spam,http://vimeo.com/106865403Ôªø,,,,,,,,,,,,
spam,this song gives me strength! love her lyrics. this video really brings the  lyrics to life. I'm getting known fast because i rap with meaning.. thumbs  up if you piss next to the water in the toilet so its quiet...Ôªø,,,,,,,,,,,,
spam,http://minhateca.com.br/mauro-sp2013/Filmes+Series+Desenhos+Animes+Mp3+etcÔªø,,,,,,,,,,,,
spam,https://www.facebook.com/antrobofficialÔªø,,,,,,,,,,,,
ham,i love you katy perry because you will sing nice than shakiraÔªø,,,,,,,,,,,,
spam,http://hackfbaccountlive.com/?ref=4344749Ôªø,,,,,,,,,,,,
spam, Facebook account HACK!! http://hackfbaccountlive.com/?ref=4477063Ôªø,,,,,,,,,,,,
ham,I love katty perryÔªø,,,,,,,,,,,,
spam,The Perry you're doing a good job good job I love all of their videos and  by the way can you please describe to my channel please please please  please I'm trying to get as many comments to Skyburst lights is a cancer  and get famous pleaseÔªø,,,,,,,,,,,,
spam,I did a cover if u want to check it out THANK U.....Michael Age 8Ôªø,,,,,,,,,,,,
spam,EVERYBODY PLEASE VOTE KATY AT EMA 2014 !!!!!  Best song  Best female Best pop Best live Best look  Best video  PLEASE VOTE KATY !!!!! PLEASE PLEASE PLEASE !!!!! VOTE VOTE VOTE !!!!! KATY KATY KATY !!!!!Ôªø,,,,,,,,,,,,
ham,Œüh my god ... Roar is the most liked video at Vevo .. while 2 months ago  was Justin's Baby.. congrats Katy . Applause &lt;3 Ôªø,,,,,,,,,,,,
spam,https://soundcloud.com/j-supt-fils-du-son/fucking-hostileÔªø,,,,,,,,,,,,
spam,https://www.facebook.com/myfunnyriddlesÔªø,,,,,,,,,,,,
spam,Hi everyone! Do you like music? Then why not check out my music channel.  The LEXIS band will be uploading their own songs and covers soon so don't  miss out. Please SUBSCRIBE too as it does help us out a lot. Just takes one  click. -&gt;Ôªø,,,,,,,,,,,,
spam,https://www.facebook.com/photo.php?fbid=313454548839369&amp;set=a.207230212795137.1073741825.100005244783212&amp;type=1&amp;theater  1111111111111111111Ôªø,,,,,,,,,,,,
ham,I'd rather hear some propa explicit gangsta rap insted of this garbage.  This song is trash !Ôªø,,,,,,,,,,,,
ham,DAMNNNNNNNN, she is sexy O_OÔªø,,,,,,,,,,,
spam,Such a good song ans Katy sounds great over the melody. Im growing as an  artist everyday from my hit song 'CRAZY' which has got my name out there.  cant thank my fans more for their support. If you could take a moment? to  check it and my music? maybe you'll join me to make my dream come true :)  thank you for your timeÔªø,,,,,,,,,,,,
ham,I LOVE YOU!!! Because u make me smile when im sad you cheer me up with your  beautiful songs (: &lt;3Ôªø,,,,,,,,,,,,
ham,This song is the most boring," asinine song I have ever heard. Coming from a  guy who liked ""Teenage Dream"" (the song). Ever since Katy Perry's divorce  it's wave after wave of shitty but successful songs... For those of you  saying ""This is the next wave of pop music"". Stick it up your ass. Katy  Perry is like Silly Putty. Ôªø",,,,,,,,,,,
ham,Katy Perry - Roar (Official): http://youtu.be/CevxZvSJLk8. I love this song  and video Katy Perry Rocks Wahoo! üòÄüòòÔªø,,,,,,,,,,,,
ham,And somehow she has access to makeup in the middle of the woods...Ôªø,,,,,,,,,,,,
ham,It looks so real and my daughter is a big fan and she likes a lot of your  songs.Ôªø,,,,,,,,,,,,
ham,I can't comprehend why this video has nearly 700,0,000 views. Some people  found 'Gangnam Style' funny so that explains its high view count but this  is just an awful pop song. I really have no clue on this one.Ôªø,,,,,,,,,,
ham,Lets be honest, you wouldn't last 1 day on your own in the jungle. Stop  living n a fairy world.Ôªø,,,,,,,,,,,
spam,me segue ha  https://www.facebook.com/marcos.sousa4?fref=tsÔªø,,,,,,,,,,,,
ham,Nature is beautiful, no need to place tits in video to impress people.Ôªø,,,,,,,,,,,
ham,This is so stupid. If you Roared at a Lion in real life you'd dedeÔªø,,,,,,,,,,,,
ham,This song is so AWESOME!!!She made everything stand out and all the viewers  could imagine themselves at the setting of the video. Awesome Job Katy  Perry!!!!Ôªø,,,,,,,,,,,,
ham,Katy Perry - Roar (Official): http://youtu.be/CevxZvSJLk8Ôªø,,,,,,,,,,,,
ham,Katy Perry is lionÔªø,,,,,,,,,,,,
spam,People, here is a new network like FB...you register also free, the  difference is only that you get paid for sharing, commenting and liking  posts and so one...don't waste your time on fb for sharing and not being  paid!! Register here to make also money with your everyday posts!!  https://www.tsu.co/slema13 Wellcome to everyone! ;)Ôªø,,,,,,,,,
ham,I've figured out why I dislike this song: it's supposed to be a power  ballad right? Something that's uplifting and motivating by the end.  However, the final chorus has NO extra UMPH at the end and actually sounds  just like the first one. Instead of crescendo-ing into a powerful finish,"  ""Roar"" just says on the same wavelength. It falls flat.Ôªø",,,,,,,,,,
ham,i like this song the video goes perfect with itÔªø,,,,,,,,,,,,
ham,....because I AM a champion...and you're gonna hear me roar!   Today I AM my own champion  Today I AM a champion for the Creator  Today I AM doing positive in my world Today I AM blessing and healing all around me Today I AM successful and  creating success  Ôªø,,,,,,,,,,,,
spam,"#nowplaying ""Weekendmix"" track 04 : Katy Perry - Roar (DJ Denis Shmelev &amp; DJ Alex Serov Remix) http://youtu.be/CevxZvSJLk8   Listen live at: www.smartfm.nl/livestream.htmlÔªø",,,,,,,,,,,,
ham,Katy Perry's songs are the best of the songs of women artists.Ôªø,,,,,,,,,,,,
ham,i like this song because of all the animals and i like this song .Ôªø,,,,,,,,,,,,
spam,http://www.wattpad.com/story/26032883-she-can-love-you-goodÔªø,,,,,,,,,,,,
ham,I love this song so much!:-D I've heard it so much I pretty much memorized  the lyricsÔªø,,,,,,,,,,,,
spam,Hey Guys, I know you tend to skip these comments, but Take a look first.  I am Free Fire, A Big Room, Progressive House, Deep House, Dubstep &amp;  Chillstep Producer from a small town in Missouri. Down here, I have no  support from the community, and all I really ask is some critiquing,  Support, and Views.   My Music has gotten much better then what it was 10 months ago, and I  promise my new content should be more then satisfying. Soon I should be  able to advertise and I wont pester you guys anymore.  So gimme a chance and check out my music, thanks and god bless.Ôªø
spam,For latest movies 2014 please visit this site  http://www.networkedblogs.com/p/11cPWb?ref=panoramaÔªø,,,,,,,,,,,,
spam,I love that you subscribedÔªø,,,,,,,,,,,,
spam,https://www.tsu.co/ToMeks Go register ;) free money;)Ôªø,,,,,,,,,,,,
ham,great song, but we all know that Katy buys her views..Ôªø,,,,,,,,,,,
spam,check out mah girl it duh shit yoÔªø,,,,,,,,,,,,
spam,Check out this video on YouTube:Facebook lhudygirlamaya Ôªø,,,,,,,,,,,,
spam,Hey yall its the real Kevin Hart, shout out to my fans!!! follow me +RealKevinHeart Ôªø,,,,,,,,,,,
spam,Check out my acoustic channel Ôªø,,,,,,,,,,,,
spam,‚ô´I know someone will see this ‚ô• I have a dream‚Ä¶ I don‚Äôt have the greatest videos or the best quality Right now I feel like i'm not getting anywhere and I need your help ‚ô´ If you could possibly watch my videos it means the world to me ‚ô• Please thumbs this up so others can see‚Ä¶ I appreciate it so much ‚ô•‚ô´ Please listen before you hate. Honestly i  appreciate it so much  You don‚Äôt have to love me just give this 17 year old a chanceÔªø,,,,,,,,,,,,
spam,https://apps.facebook.com/my-polls/utsitcompetition2014?from=user_link&amp;ref_id=ouxg5e .  Please open this link and vote for  anand niketan international school, the  project name is project Fr-e-dom and share it with  yours friend.Ôªø,,,,,,,,,,,
ham,I hate videos like these with those poor animals.Ôªø,,,,,,,,,,,,
ham,Hii youtubeÔªø,,,,,,,,,,,,
ham,nice ..very niceÔªø,,,,,,,,,,,,
ham,I love this song!!!Ôªø,,,,,,,,,,,,
ham,*KATY YOU ARE A SHIT GO DIE!!!!!ROAR IS A FLOOOOOOOOOOOOOOOOOOOOP*Ôªø,,,,,,,,,,,,
ham, I love your music Ôªø,,,,,,,,,,,,
ham,My 6th grade teacher looked exactly like Katy Perry come to think of it...Ôªø,,,,,,,,,,,,
spam,curti? click here ?  https://www.facebook.com/demiilovatofas?ref=hl   https://www.facebook.com/pages/Frases-Secretas/448800865296855?ref=hlÔªø,,,,,,,,,,,,
spam,http://www.ermail.pl/dolacz/UnNfY2I=                  Please click on the  linkÔªø,,,,,,,,,,,,
spam,Come check out our parody of this!Ôªø,,,,,,,,,,,,
spam,Please subscribe to us and thank youÔªø,,,,,,,,,,,,
spam,PLEASE VOTE FOR ME FOR THE WET SEAL MODEL 2015 CONTEST! MY INSTAGRAM  USERNAME IS destinyforever_  http://www.wetseal.com/modelsearch15/modelsearch15.htmlÔªø,,,,,,,,,,,,
spam,SIMPLY PUT, OUR CUSTOMERS LOVE US... and so will you!https://www.facebook.com/greenleaderÔªø,,,,,,,,,,,
spam,https://binbox.io/DNCkM#qT4Q1JB1Ôªø,,,,,,,,,,,,
ham,Almost 1 Bil. What? Wow, GS sucks, in my opinion.Ôªø,,,,,,,,,,
ham,Katty is the best! ! ! ! Ôªø,,,,,,,,,,,,
ham,That was very good I mean very very much good Ôªø,,,,,,,,,,,,
ham,This song means so much to me thank you  soooooooooooooooooooooooooooooooooooooooo much:-) XxxÔªø,,,,,,,,,,,,
ham,&lt;3Ôªø,,,,,,,,,,,,
spam,KATY PERRY," I AM THE ""D√âCIO CABELO"""," ""DECIO HAIR"". I AM 60 YEARS OF AGE. I  DON""T HAVE FAMILY. I""M SINGLE. ALONE. HOMELESS. I WAS AN ALCOHOLIC: 15 AT  THE AGE OF 46. I AM AN INVISIBLE COMPOSER. MY DREAM IS TO RECORD MY SONGS.  COULD YOU HELP ME? PLEASE! PLEASE! I TRUST THAT THE YOU WILL GIVE ME A  CHANCE. I HAVE 109 VIDEOS IN THE YOUTUBE: deciocabelo canal. KATY PERRY", I  WAS BORN IN OCTOBER 25, TOO. THANK YOU VERY MUCH!!! DECIO HAIR.Ôªø,,,,,,,,
ham,Honestly speaking except taylor swift and adele i don't lile any of the  modern day singers. But i must say whenever i hear this song i feel  goosebumps. Its quite inspiring!! Thanks miss Perry!Ôªø,,,,,,,,,,,,
ham,who is going to reach the billion first : katy or taylor ?Ôªø,,,,,,,,,,,,
